"x","y_obs_TiannaGreenMAPbBr50I50.tif_Azm=_0.00"
5.0,13.636
5.018,13.344
5.036,13.156
5.054,13.111
5.072,13.376
5.09,13.276
5.108,13.339
5.126,13.454
5.144,13.32
5.162,13.573
5.18,13.35
5.198,13.285
5.216,13.274
5.234,13.213
5.252,13.296
5.27,13.328
5.288,13.217
5.306,13.302
5.324,13.445
5.342,13.31
5.36,13.308
5.378,13.36
5.396,13.413
5.414,13.357
5.432,13.344
5.45,13.356
5.468,13.405
5.486,13.375
5.504,13.403
5.522,13.41
5.54,13.494
5.558,13.29
5.576,13.373
5.594,13.468
5.612,13.406
5.63,13.457
5.648,13.441
5.666,13.476
5.684,13.466
5.702,13.542
5.72,13.506
5.738,13.551
5.756,13.472
5.774,13.549
5.792,13.555
5.81,13.52
5.828,13.506
5.846,13.457
5.864,13.553
5.882,13.678
5.9,13.594
5.918,13.664
5.936,13.666
5.954,13.636
5.972,13.772
5.99,13.627
6.008,13.584
6.026,13.631
6.044,13.692
6.062,13.748
6.08,13.717
6.098,13.609
6.116,13.705
6.134,13.692
6.152,13.576
6.17,13.708
6.188,13.631
6.206,13.741
6.224,13.763
6.242,13.791
6.26,13.791
6.278,13.714
6.296,13.86
6.314,13.798
6.332,13.929
6.35,13.936
6.368,13.846
6.386,13.924
6.404,13.95
6.422,13.893
6.44,13.919
6.458,13.881
6.476,13.824
6.494,13.915
6.512,13.867
6.53,13.983
6.548,13.91
6.566,13.894
6.584,13.88
6.602,13.956
6.62,13.932
6.638,13.956
6.656,13.954
6.674,13.936
6.692,13.943
6.71,13.934
6.728,13.856
6.746,13.943
6.764,14.009
6.782,13.952
6.8,14.031
6.818,14.169
6.836,14.05
6.854,14.227
6.872,14.156
6.89,14.32
6.908,14.133
6.926,14.147
6.944,14.201
6.962,14.18
6.98,14.074
6.998,14.081
7.016,14.216
7.034,14.219
7.052,14.177
7.07,14.303
7.088,14.246
7.106,14.227
7.124,14.296
7.142,14.22
7.16,14.16
7.178,14.151
7.196,14.341
7.214,14.312
7.232,14.373
7.25,14.282
7.268,14.478
7.286,14.533
7.304,14.458
7.322,14.478
7.34,14.382
7.358,14.373
7.376,14.427
7.394,14.543
7.412,14.461
7.43,14.533
7.448,14.534
7.466,14.621
7.484,14.656
7.502,14.578
7.52,14.475
7.538,14.631
7.556,14.615
7.574,14.554
7.592,14.683
7.61,14.739
7.628,14.708
7.646,14.73
7.664,14.813
7.682,14.693
7.7,14.873
7.718,14.828
7.736,14.98
7.754,15.01
7.772,14.932
7.79,15.129
7.808,14.943
7.826,14.98
7.844,15.24
7.862,15.178
7.88,15.389
7.898,15.453
7.916,15.512
7.934,16.081
7.952,16.37
7.97,16.409
7.988,18.359
8.006,18.633
8.024,19.14
8.042,24.008
8.06,22.878
8.078,23.156
8.096,28.697
8.114,22.669
8.132,23.33
8.15,20.421
8.168,18.279
8.186,18.398
8.204,16.63
8.222,16.124
8.24,16.195
8.258,15.715
8.276,15.511
8.294,15.608
8.312,15.427
8.33,15.46
8.348,15.473
8.366,15.364
8.384,15.336
8.402,15.308
8.42,15.368
8.438,15.509
8.456,15.296
8.474,15.455
8.492,15.422
8.51,15.298
8.528,15.421
8.546,15.352
8.564,15.401
8.582,15.421
8.6,15.585
8.618,15.422
8.636,15.387
8.654,15.599
8.672,15.651
8.69,15.581
8.708,15.654
8.726,15.715
8.744,15.726
8.762,15.874
8.78,15.882
8.798,15.905
8.816,15.899
8.834,15.977
8.852,15.976
8.87,15.893
8.888,16.079
8.906,16.176
8.924,16.191
8.942,16.089
8.96,16.204
8.978,16.438
8.996,16.407
9.014,16.499
9.032,16.761
9.05,16.897
9.068,17.252
9.086,17.513
9.104,17.771
9.122,18.48
9.14,19.007
9.158,19.931
9.176,22.64
9.194,25.398
9.212,34.38
9.23,59.873
9.248,109.091
9.266,189.899
9.284,159.892
9.302,93.949
9.32,58.463
9.338,34.78
9.356,26.373
9.374,22.722
9.392,20.276
9.41,19.293
9.428,18.393
9.446,17.89
9.464,17.831
9.482,17.602
9.5,17.26
9.518,17.202
9.536,17.126
9.554,17.1
9.572,16.941
9.59,17.006
9.608,16.938
9.626,16.91
9.644,16.825
9.662,16.902
9.68,16.982
9.698,16.965
9.716,16.942
9.734,16.929
9.752,16.984
9.77,16.942
9.788,16.916
9.806,16.978
9.824,17.057
9.842,16.93
9.86,17.061
9.878,17.068
9.896,17.047
9.914,17.103
9.932,17.009
9.95,17.088
9.968,17.151
9.986,17.178
10.004,17.071
10.022,17.253
10.04,17.245
10.058,17.389
10.076,17.35
10.094,17.38
10.112,17.384
10.13,17.275
10.148,17.394
10.166,17.496
10.184,17.419
10.202,17.486
10.22,17.382
10.238,17.463
10.256,17.448
10.274,17.529
10.292,17.628
10.31,17.598
10.328,17.577
10.346,17.637
10.364,17.763
10.382,17.821
10.4,17.776
10.418,17.694
10.436,17.842
10.454,17.94
10.472,17.915
10.49,17.917
10.508,17.962
10.526,18.028
10.544,18.101
10.562,18.01
10.58,18.023
10.598,18.199
10.616,18.161
10.634,18.35
10.652,18.3
10.67,18.209
10.688,18.346
10.706,18.412
10.724,18.446
10.742,18.391
10.76,18.367
10.778,18.509
10.796,18.401
10.814,18.522
10.832,18.575
10.85,18.58
10.868,18.686
10.886,18.67
10.904,18.776
10.922,18.851
10.94,18.85
10.958,18.786
10.976,18.869
10.994,18.93
11.012,18.973
11.03,18.923
11.048,19.09
11.066,19.107
11.084,19.12
11.102,19.191
11.12,19.226
11.138,19.212
11.156,19.305
11.174,19.346
11.192,19.377
11.21,19.304
11.228,19.496
11.246,19.573
11.264,19.482
11.282,19.464
11.3,19.48
11.318,19.627
11.336,19.786
11.354,19.676
11.372,19.759
11.39,19.855
11.408,19.844
11.426,19.977
11.444,19.882
11.462,20.161
11.48,20.198
11.498,20.216
11.516,20.181
11.534,20.245
11.552,20.18
11.57,20.314
11.588,20.157
11.606,20.247
11.624,20.244
11.642,20.424
11.66,20.451
11.678,20.491
11.696,20.616
11.714,20.544
11.732,20.566
11.75,20.84
11.768,20.853
11.786,20.919
11.804,20.78
11.822,20.818
11.84,21.121
11.858,20.908
11.876,21.045
11.894,21.011
11.912,21.033
11.93,21.171
11.948,21.099
11.966,21.292
11.984,21.403
12.002,21.455
12.02,21.409
12.038,21.44
12.056,21.569
12.074,21.656
12.092,21.464
12.11,21.673
12.128,21.62
12.146,21.785
12.164,21.929
12.182,21.974
12.2,22.035
12.218,22.138
12.236,22.234
12.254,22.355
12.272,22.267
12.29,22.252
12.308,22.164
12.326,22.247
12.344,22.381
12.362,22.224
12.38,22.359
12.398,22.347
12.416,22.565
12.434,22.614
12.452,22.518
12.47,22.707
12.488,22.877
12.506,22.865
12.524,22.95
12.542,22.977
12.56,23.08
12.578,22.852
12.596,23.15
12.614,23.217
12.632,23.131
12.65,23.264
12.668,23.474
12.686,23.372
12.704,23.397
12.722,23.497
12.74,23.631
12.758,23.653
12.776,23.732
12.794,23.735
12.812,23.655
12.83,23.823
12.848,23.864
12.866,23.911
12.884,23.957
12.902,24.064
12.92,24.343
12.938,24.278
12.956,24.181
12.974,24.198
12.992,24.315
13.01,24.484
13.028,24.392
13.046,24.59
13.064,24.803
13.082,24.957
13.1,25.656
13.118,26.525
13.136,28.434
13.154,30.778
13.172,32.158
13.19,31.833
13.208,29.694
13.226,27.926
13.244,26.603
13.262,25.838
13.28,25.622
13.298,25.576
13.316,25.61
13.334,25.505
13.352,25.553
13.37,25.492
13.388,25.432
13.406,25.662
13.424,25.516
13.442,25.681
13.46,25.656
13.478,25.641
13.496,25.881
13.514,25.909
13.532,25.932
13.55,25.974
13.568,25.92
13.586,26.015
13.604,25.985
13.622,26.222
13.64,26.087
13.658,26.199
13.676,26.318
13.694,26.221
13.712,26.394
13.73,26.472
13.748,26.538
13.766,26.557
13.784,26.497
13.802,26.528
13.82,26.588
13.838,26.7
13.856,26.638
13.874,26.731
13.892,26.973
13.91,26.98
13.928,26.962
13.946,26.855
13.964,26.96
13.982,27.027
14.0,27.073
14.018,27.113
14.036,27.186
14.054,27.38
14.072,27.311
14.09,27.393
14.108,27.447
14.126,27.448
14.144,27.46
14.162,27.437
14.18,27.643
14.198,27.578
14.216,27.565
14.234,27.642
14.252,27.639
14.27,27.825
14.288,27.771
14.306,27.936
14.324,28.005
14.342,28.018
14.36,28.032
14.378,28.015
14.396,28.27
14.414,28.249
14.432,28.285
14.45,28.225
14.468,28.272
14.486,28.289
14.504,28.186
14.522,28.441
14.54,28.283
14.558,28.508
14.576,28.439
14.594,28.401
14.612,28.703
14.63,28.445
14.648,28.672
14.666,28.981
14.684,28.688
14.702,28.684
14.72,28.725
14.738,28.96
14.756,28.65
14.774,28.776
14.792,28.819
14.81,28.937
14.828,28.962
14.846,28.825
14.864,28.978
14.882,28.913
14.9,29.26
14.918,29.141
14.936,29.127
14.954,29.135
14.972,28.985
14.99,29.245
15.008,29.191
15.026,29.276
15.044,29.204
15.062,29.204
15.08,29.365
15.098,29.309
15.116,29.333
15.134,29.284
15.152,29.419
15.17,29.405
15.188,29.432
15.206,29.549
15.224,29.411
15.242,29.499
15.26,29.515
15.278,29.697
15.296,29.488
15.314,29.647
15.332,29.57
15.35,29.71
15.368,29.76
15.386,29.683
15.404,29.715
15.422,29.579
15.44,29.804
15.458,29.566
15.476,29.867
15.494,29.932
15.512,29.761
15.53,30.017
15.548,29.698
15.566,29.831
15.584,29.645
15.602,30.022
15.62,29.982
15.638,29.892
15.656,29.855
15.674,30.013
15.692,30.036
15.71,29.944
15.728,29.97
15.746,30.206
15.764,30.115
15.782,29.975
15.8,29.898
15.818,30.083
15.836,30.111
15.854,30.32
15.872,30.071
15.89,30.187
15.908,30.084
15.926,30.271
15.944,30.23
15.962,30.235
15.98,30.256
15.998,30.009
16.016,30.328
16.034,30.119
16.052,30.483
16.07,30.593
16.088,30.718
16.106,31.267
16.124,32.185
16.142,33.087
16.16,33.661
16.178,33.823
16.196,33.043
16.214,32.307
16.232,31.303
16.25,30.932
16.268,30.564
16.286,30.417
16.304,30.544
16.322,30.58
16.34,30.575
16.358,30.243
16.376,30.426
16.394,30.37
16.412,30.389
16.43,30.232
16.448,30.377
16.466,30.45
16.484,30.303
16.502,30.518
16.52,30.507
16.538,30.725
16.556,30.702
16.574,31.023
16.592,30.977
16.61,31.005
16.628,30.826
16.646,30.69
16.664,30.685
16.682,30.523
16.7,30.561
16.718,30.397
16.736,30.536
16.754,30.377
16.772,30.501
16.79,30.496
16.808,30.616
16.826,30.386
16.844,30.414
16.862,30.369
16.88,30.315
16.898,30.271
16.916,30.27
16.934,30.486
16.952,30.248
16.97,30.468
16.988,30.262
17.006,30.57
17.024,30.524
17.042,30.417
17.06,30.273
17.078,30.432
17.096,30.471
17.114,30.408
17.132,30.351
17.15,30.394
17.168,30.488
17.186,30.341
17.204,30.576
17.222,30.396
17.24,30.632
17.258,30.47
17.276,30.632
17.294,30.542
17.312,30.54
17.33,30.526
17.348,30.531
17.366,30.633
17.384,30.581
17.402,31.155
17.42,30.533
17.438,30.559
17.456,30.466
17.474,30.575
17.492,30.308
17.51,30.52
17.528,30.373
17.546,30.566
17.564,30.463
17.582,30.486
17.6,30.594
17.618,30.511
17.636,30.484
17.654,30.54
17.672,30.67
17.69,30.524
17.708,30.814
17.726,30.678
17.744,30.643
17.762,30.399
17.78,30.629
17.798,30.557
17.816,30.662
17.834,30.422
17.852,30.668
17.87,30.587
17.888,30.648
17.906,30.561
17.924,30.782
17.942,30.961
17.96,30.923
17.978,31.02
17.996,31.14
18.014,31.414
18.032,31.315
18.05,31.536
18.068,31.515
18.086,31.644
18.104,31.425
18.122,31.392
18.14,31.113
18.158,31.147
18.176,30.913
18.194,30.977
18.212,30.706
18.23,30.79
18.248,30.668
18.266,30.808
18.284,30.839
18.302,30.846
18.32,30.941
18.338,30.93
18.356,30.873
18.374,30.92
18.392,30.955
18.41,30.967
18.428,31.075
18.446,31.106
18.464,31.384
18.482,31.44
18.5,31.333
18.518,31.725
18.536,32.188
18.554,32.74
18.572,33.828
18.59,36.224
18.608,40.757
18.626,50.466
18.644,60.181
18.662,69.535
18.68,69.203
18.698,63.167
18.716,53.625
18.734,45.899
18.752,40.352
18.77,36.486
18.788,34.231
18.806,32.845
18.824,32.163
18.842,31.628
18.86,31.632
18.878,31.324
18.896,31.19
18.914,31.079
18.932,31.065
18.95,30.929
18.968,31.027
18.986,30.776
19.004,30.829
19.022,30.892
19.04,30.947
19.058,30.722
19.076,30.781
19.094,30.691
19.112,30.613
19.13,30.57
19.148,30.598
19.166,30.711
19.184,30.751
19.202,30.594
19.22,30.642
19.238,30.747
19.256,30.544
19.274,30.467
19.292,30.592
19.31,30.564
19.328,30.587
19.346,30.695
19.364,30.604
19.382,30.634
19.4,30.606
19.418,30.516
19.436,30.673
19.454,30.498
19.472,30.648
19.49,30.609
19.508,30.555
19.526,30.575
19.544,30.593
19.562,30.627
19.58,30.453
19.598,30.523
19.616,30.392
19.634,30.417
19.652,30.566
19.67,30.467
19.688,30.578
19.706,30.348
19.724,30.436
19.742,30.6
19.76,30.727
19.778,30.629
19.796,30.701
19.814,30.502
19.832,30.735
19.85,30.587
19.868,31.021
19.886,31.677
19.904,31.986
19.922,32.175
19.94,32.416
19.958,32.516
19.976,32.732
19.994,32.666
20.012,32.871
20.03,32.916
20.048,32.832
20.066,32.809
20.084,32.821
20.102,33.067
20.12,33.071
20.138,33.03
20.156,32.938
20.174,33.109
20.192,33.11
20.21,33.102
20.228,33.15
20.246,33.211
20.264,33.327
20.282,33.411
20.3,33.352
20.318,33.297
20.336,33.153
20.354,33.177
20.372,33.152
20.39,33.157
20.408,33.476
20.426,33.563
20.444,33.466
20.462,33.315
20.48,33.44
20.498,33.569
20.516,33.258
20.534,33.398
20.552,33.599
20.57,33.661
20.588,33.516
20.606,33.643
20.624,33.79
20.642,33.729
20.66,33.801
20.678,33.714
20.696,33.827
20.714,33.942
20.732,34.208
20.75,34.213
20.768,34.611
20.786,35.202
20.804,36.477
20.822,38.015
20.84,41.808
20.858,47.741
20.876,55.558
20.894,62.238
20.912,64.865
20.93,62.883
20.948,57.514
20.966,50.968
20.984,44.71
21.002,40.227
21.02,37.466
21.038,35.791
21.056,34.912
21.074,34.194
21.092,33.917
21.11,33.721
21.128,33.539
21.146,33.403
21.164,33.481
21.182,33.342
21.2,33.185
21.218,33.181
21.236,33.028
21.254,33.165
21.272,32.953
21.29,33.061
21.308,32.959
21.326,32.893
21.344,32.862
21.362,32.832
21.38,32.916
21.398,32.85
21.416,32.846
21.434,32.797
21.452,32.841
21.47,32.748
21.488,32.653
21.506,32.822
21.524,32.725
21.542,32.662
21.56,32.643
21.578,32.569
21.596,32.526
21.614,32.53
21.632,32.32
21.65,32.371
21.668,32.335
21.686,32.573
21.704,32.493
21.722,32.398
21.74,32.504
21.758,32.575
21.776,32.556
21.794,32.401
21.812,32.61
21.83,32.548
21.848,32.568
21.866,32.421
21.884,33.222
21.902,39.43
21.92,32.571
21.938,32.374
21.956,32.268
21.974,32.318
21.992,32.163
22.01,32.136
22.028,32.112
22.046,32.029
22.064,31.953
22.082,32.033
22.1,31.988
22.118,32.062
22.136,32.001
22.154,31.981
22.172,31.778
22.19,31.948
22.208,31.838
22.226,31.817
22.244,31.737
22.262,31.651
22.28,31.701
22.298,31.674
22.316,31.708
22.334,31.574
22.352,31.633
22.37,31.662
22.388,31.54
22.406,31.617
22.424,31.631
22.442,31.571
22.46,31.62
22.478,31.67
22.496,31.554
22.514,31.457
22.532,31.464
22.55,31.334
22.568,31.35
22.586,31.323
22.604,31.352
22.622,31.352
22.64,31.322
22.658,31.134
22.676,31.279
22.694,31.418
22.712,31.218
22.73,31.372
22.748,31.34
22.766,31.356
22.784,31.352
22.802,31.3
22.82,31.738
22.838,32.07
22.856,32.628
22.874,33.748
22.892,35.115
22.91,36.479
22.928,37.137
22.946,36.56
22.964,35.587
22.982,33.958
23.0,33.028
23.018,32.183
23.036,31.75
23.054,31.574
23.072,31.197
23.09,31.151
23.108,30.983
23.126,30.952
23.144,30.778
23.162,30.842
23.18,30.754
23.198,30.563
23.216,30.616
23.234,30.547
23.252,30.655
23.27,30.695
23.288,30.415
23.306,30.529
23.324,30.527
23.342,30.47
23.36,30.516
23.378,30.661
23.396,30.503
23.414,30.465
23.432,30.328
23.45,30.349
23.468,30.317
23.486,30.385
23.504,30.414
23.522,30.398
23.54,30.356
23.558,30.183
23.576,30.209
23.594,30.177
23.612,30.357
23.63,30.231
23.648,30.179
23.666,30.233
23.684,30.213
23.702,30.251
23.72,30.036
23.738,30.203
23.756,30.092
23.774,30.184
23.792,30.198
23.81,30.217
23.828,30.218
23.846,30.203
23.864,30.092
23.882,29.96
23.9,30.277
23.918,30.173
23.936,30.165
23.954,30.157
23.972,30.063
23.99,30.209
24.008,30.193
24.026,30.006
24.044,30.081
24.062,30.062
24.08,30.034
24.098,30.008
24.116,30.148
24.134,30.004
24.152,29.974
24.17,29.968
24.188,30.04
24.206,29.961
24.224,29.996
24.242,29.947
24.26,29.78
24.278,29.974
24.296,29.998
24.314,30.129
24.332,30.009
24.35,29.975
24.368,30.035
24.386,29.958
24.404,30.046
24.422,30.084
24.44,30.023
24.458,30.063
24.476,30.259
24.494,30.218
24.512,29.978
24.53,30.116
24.548,30.311
24.566,30.067
24.584,30.16
24.602,30.113
24.62,30.21
24.638,30.123
24.656,30.127
24.674,30.054
24.692,30.038
24.71,30.062
24.728,30.268
24.746,29.989
24.764,30.081
24.782,29.971
24.8,29.907
24.818,30.168
24.836,30.277
24.854,30.023
24.872,30.233
24.89,30.182
24.908,30.166
24.926,30.193
24.944,30.139
24.962,30.17
24.98,30.315
24.998,30.317
25.016,30.335
25.034,30.484
25.052,30.616
25.07,30.739
25.088,30.857
25.106,30.723
25.124,30.714
25.142,30.496
25.16,30.346
25.178,30.3
25.196,30.295
25.214,30.306
25.232,30.297
25.25,30.296
25.268,30.263
25.286,30.28
25.304,30.283
25.322,30.355
25.34,30.306
25.358,30.313
25.376,30.452
25.394,30.545
25.412,30.542
25.43,30.424
25.448,30.311
25.466,30.61
25.484,30.408
25.502,30.517
25.52,30.635
25.538,30.519
25.556,30.69
25.574,30.522
25.592,30.443
25.61,30.68
25.628,31.14
25.646,30.887
25.664,30.883
25.682,30.646
25.7,30.714
25.718,30.867
25.736,30.766
25.754,30.857
25.772,30.77
25.79,30.824
25.808,30.792
25.826,30.909
25.844,30.905
25.862,31.086
25.88,31.366
25.898,32.909
25.916,32.185
25.934,31.318
25.952,31.395
25.97,31.128
25.988,31.083
26.006,31.1
26.024,31.225
26.042,31.33
26.06,31.4
26.078,31.555
26.096,31.549
26.114,31.52
26.132,31.672
26.15,32.079
26.168,31.956
26.186,32.179
26.204,32.183
26.222,31.998
26.24,32.204
26.258,32.335
26.276,32.297
26.294,31.927
26.312,32.007
26.33,32.093
26.348,32.276
26.366,32.529
26.384,32.746
26.402,33.212
26.42,34.176
26.438,35.796
26.456,38.229
26.474,41.38
26.492,44.838
26.51,47.898
26.528,48.797
26.546,47.323
26.564,45.379
26.582,41.539
26.6,38.485
26.618,36.32
26.636,34.356
26.654,33.497
26.672,32.932
26.69,32.554
26.708,32.278
26.726,31.994
26.744,31.999
26.762,32.182
26.78,32.24
26.798,32.117
26.816,31.831
26.834,31.788
26.852,31.942
26.87,31.94
26.888,31.851
26.906,32.119
26.924,32.124
26.942,31.899
26.96,31.969
26.978,31.961
26.996,31.918
27.014,31.912
27.032,31.897
27.05,31.994
27.068,32.105
27.086,31.994
27.104,32.089
27.122,32.109
27.14,32.028
27.158,32.12
27.176,32.081
27.194,32.034
27.212,32.188
27.23,32.257
27.248,32.227
27.266,32.23
27.284,32.357
27.302,32.284
27.32,32.293
27.338,32.299
27.356,32.255
27.374,32.403
27.392,32.371
27.41,32.232
27.428,32.241
27.446,32.251
27.464,32.276
27.482,32.295
27.5,32.355
27.518,32.33
27.536,32.3
27.554,32.338
27.572,32.271
27.59,32.361
27.608,32.314
27.626,32.288
27.644,32.363
27.662,32.4
27.68,32.461
27.698,32.395
27.716,32.371
27.734,32.569
27.752,32.464
27.77,32.536
27.788,32.413
27.806,32.519
27.824,32.48
27.842,32.342
27.86,32.407
27.878,32.53
27.896,32.578
27.914,32.698
27.932,32.781
27.95,32.686
27.968,32.811
27.986,32.759
28.004,32.741
28.022,33.024
28.04,33.409
28.058,34.112
28.076,34.868
28.094,35.615
28.112,37.338
28.13,38.875
28.148,39.699
28.166,39.496
28.184,38.689
28.202,37.264
28.22,35.794
28.238,34.793
28.256,34.211
28.274,33.747
28.292,33.282
28.31,32.804
28.328,32.7
28.346,32.815
28.364,32.948
28.382,33.003
28.4,32.925
28.418,32.727
28.436,32.834
28.454,32.74
28.472,32.774
28.49,32.81
28.508,32.768
28.526,32.711
28.544,32.554
28.562,32.823
28.58,32.906
28.598,33.099
28.616,32.994
28.634,32.962
28.652,32.994
28.67,32.802
28.688,32.977
28.706,32.819
28.724,32.797
28.742,32.858
28.76,32.928
28.778,32.955
28.796,32.793
28.814,32.916
28.832,32.74
28.85,32.666
28.868,32.958
28.886,32.973
28.904,32.787
28.922,32.905
28.94,32.891
28.958,32.945
28.976,32.953
28.994,32.9
29.012,33.02
29.03,32.898
29.048,32.615
29.066,32.912
29.084,33.054
29.102,32.887
29.12,32.682
29.138,32.846
29.156,32.949
29.174,32.799
29.192,32.851
29.21,32.998
29.228,32.962
29.246,33.088
29.264,32.932
29.282,32.922
29.3,32.914
29.318,32.915
29.336,33.071
29.354,32.945
29.372,32.961
29.39,33.065
29.408,32.971
29.426,32.957
29.444,33.018
29.462,33.045
29.48,33.248
29.498,33.243
29.516,33.128
29.534,33.001
29.552,32.957
29.57,33.329
29.588,33.413
29.606,33.393
29.624,33.682
29.642,33.853
29.66,34.265
29.678,34.56
29.696,34.602
29.714,34.526
29.732,34.47
29.75,33.989
29.768,33.86
29.786,33.65
29.804,33.524
29.822,33.427
29.84,33.278
29.858,33.328
29.876,33.26
29.894,33.251
29.912,33.204
29.93,33.12
29.948,33.202
29.966,33.3
29.984,33.173
30.002,33.32
30.02,33.198
30.038,33.178
30.056,33.347
30.074,33.427
30.092,33.31
30.11,33.21
30.128,33.282
30.146,33.287
30.164,33.535
30.182,33.774
30.2,33.318
30.218,33.405
30.236,33.45
30.254,33.467
30.272,33.394
30.29,33.398
30.308,33.427
30.326,33.371
30.344,33.374
30.362,33.317
30.38,33.271
30.398,33.38
30.416,33.331
30.434,33.327
30.452,33.389
30.47,33.374
30.488,33.462
30.506,33.441
30.524,33.622
30.542,33.444
30.56,33.332
30.578,33.485
30.596,33.489
30.614,33.595
30.632,33.446
30.65,33.544
30.668,33.51
30.686,33.562
30.704,33.495
30.722,33.495
30.74,33.39
30.758,33.504
30.776,33.497
30.794,33.695
30.812,33.673
30.83,33.732
30.848,33.662
30.866,33.668
30.884,33.565
30.902,33.713
30.92,33.793
30.938,33.72
30.956,33.723
30.974,33.729
30.992,33.79
31.01,33.76
31.028,33.713
31.046,33.886
31.064,33.672
31.082,33.573
31.1,33.76
31.118,33.876
31.136,33.873
31.154,33.977
31.172,34.117
31.19,34.222
31.208,34.132
31.226,33.991
31.244,33.888
31.262,33.903
31.28,34.056
31.298,33.953
31.316,33.998
31.334,34.012
31.352,34.039
31.37,34.025
31.388,34.003
31.406,33.955
31.424,33.93
31.442,34.027
31.46,33.926
31.478,33.963
31.496,34.136
31.514,34.209
31.532,34.095
31.55,34.236
31.568,34.247
31.586,34.17
31.604,34.147
31.622,34.096
31.64,34.197
31.658,34.097
31.676,34.161
31.694,34.415
31.712,34.302
31.73,34.344
31.748,34.386
31.766,34.307
31.784,34.221
31.802,34.491
31.82,34.317
31.838,34.373
31.856,34.701
31.874,34.466
31.892,34.436
31.91,34.418
31.928,34.619
31.946,34.315
31.964,34.559
31.982,34.54
32.0,34.552
32.018,34.465
32.036,34.522
32.054,34.549
32.072,34.755
32.09,34.663
32.108,34.663
32.126,34.826
32.144,34.644
32.162,34.676
32.18,34.699
32.198,34.654
32.216,34.619
32.234,34.586
32.252,34.833
32.27,34.813
32.288,34.814
32.306,34.854
32.324,34.841
32.342,34.658
32.36,34.811
32.378,34.929
32.396,34.781
32.414,34.966
32.432,34.927
32.45,35.188
32.468,35.436
32.486,35.628
32.504,35.992
32.522,36.438
32.54,37.134
32.558,37.599
32.576,38.027
32.594,38.376
32.612,38.057
32.63,37.572
32.648,37.249
32.666,36.693
32.684,36.078
32.702,35.868
32.72,35.806
32.738,35.731
32.756,35.491
32.774,35.553
32.792,35.63
32.81,35.537
32.828,35.385
32.846,35.613
32.864,35.557
32.882,35.65
32.9,35.683
32.918,35.531
32.936,35.491
32.954,35.587
32.972,35.654
32.99,35.693
33.008,35.812
33.026,35.788
33.044,35.7
33.062,35.736
33.08,35.66
33.098,35.83
33.116,35.791
33.134,35.697
33.152,35.744
33.17,35.628
33.188,35.586
33.206,35.768
33.224,35.801
33.242,35.762
33.26,35.823
33.278,35.906
33.296,35.879
33.314,36.053
33.332,36.05
33.35,35.792
33.368,36.015
33.386,36.199
33.404,36.339
33.422,36.433
33.44,36.246
33.458,36.182
33.476,36.079
33.494,36.201
33.512,36.925
33.53,36.946
33.548,36.313
33.566,36.36
33.584,36.155
33.602,36.339
33.62,36.251
33.638,36.416
33.656,36.429
33.674,36.666
33.692,36.6
33.71,36.68
33.728,36.493
33.746,36.557
33.764,36.736
33.782,36.879
33.8,36.773
33.818,37.233
33.836,37.093
33.854,37.339
33.872,37.506
33.89,37.827
33.908,38.161
33.926,38.738
33.944,39.376
33.962,39.892
33.98,39.534
33.998,39.121
34.016,38.694
34.034,38.245
34.052,37.75
34.07,37.592
34.088,37.29
34.106,37.277
34.124,37.24
34.142,37.33
34.16,37.107
34.178,37.12
34.196,37.099
34.214,37.132
34.232,37.07
34.25,37.198
34.268,37.281
34.286,37.406
34.304,36.456
34.322,36.853
34.34,36.674
34.358,37.1
34.376,37.222
34.394,37.229
34.412,37.046
34.43,37.325
34.448,37.542
34.466,37.498
34.484,37.569
34.502,37.502
34.52,37.68
34.538,37.65
34.556,37.726
34.574,37.733
34.592,37.625
34.61,37.71
34.628,37.871
34.646,37.767
34.664,38.104
34.682,37.683
34.7,38.018
34.718,37.696
34.736,37.945
34.754,38.017
34.772,37.829
34.79,38.072
34.808,38.139
34.826,38.11
34.844,38.2
34.862,38.473
34.88,38.057
34.898,38.168
34.916,38.289
34.934,38.236
34.952,38.486
34.97,38.186
34.988,38.523
35.006,38.49
35.024,38.612
35.042,38.504
35.06,38.769
35.078,38.751
35.096,38.996
35.114,38.894
35.132,38.858
35.15,38.995
35.168,38.887
35.186,39.421
35.204,39.35
35.222,39.659
35.24,40.314
35.258,40.197
35.276,40.512
35.294,40.531
35.312,40.493
35.33,40.229
35.348,39.955
35.366,39.769
35.384,39.908
35.402,39.658
35.42,39.477
35.438,39.458
35.456,39.604
35.474,39.53
35.492,39.541
35.51,39.455
35.528,39.339
35.546,39.581
35.564,39.867
35.582,39.535
35.6,39.758
35.618,39.75
35.636,39.752
35.654,39.867
35.672,40.148
35.69,39.969
35.708,40.001
35.726,40.124
35.744,39.762
35.762,39.763
35.78,40.153
35.798,39.93
35.816,40.237
35.834,40.32
35.852,40.23
35.87,40.336
35.888,40.1
35.906,39.692
35.924,39.579
35.942,40.172
35.96,40.323
35.978,40.47
35.996,40.45
36.014,40.614
36.032,40.144
36.05,39.763
36.068,40.273
36.086,40.463
36.104,40.623
36.122,40.535
36.14,40.639
36.158,40.762
36.176,40.71
36.194,41.092
36.212,40.915
36.23,40.354
36.248,40.621
36.266,41.336
36.284,40.874
36.302,41.042
36.32,41.279
36.338,41.106
36.356,40.888
36.374,40.888
36.392,41.002
36.41,40.939
36.428,41.126
36.446,40.993
36.464,41.127
36.482,40.903
36.5,40.818
36.518,41.512
36.536,41.045
36.554,40.982
36.572,41.248
36.59,41.004
36.608,41.372
36.626,41.441
36.644,41.684
36.662,41.156
36.68,42.3
36.698,41.607
36.716,41.312
36.734,41.306
36.752,41.295
36.77,41.504
36.788,41.716
36.806,41.791
36.824,42.088
36.842,42.248
36.86,41.558
36.878,41.446
36.896,41.633
36.914,41.601
36.932,41.419
36.95,41.205
36.968,41.278
36.986,42.185
37.004,41.02
37.022,41.93
37.04,42.245
37.058,42.52
37.076,41.907
37.094,42.225
37.112,41.604
37.13,42.368
37.148,41.914
37.166,42.176
37.184,41.718
37.202,41.363
37.22,42.031
37.238,41.692
37.256,42.462
37.274,42.594
37.292,42.061
37.31,42.857
37.328,42.947
37.346,42.434
37.364,42.44
37.382,41.466
37.4,41.543
37.418,41.326
37.436,40.971
37.454,41.815
37.472,41.277
37.49,41.825
37.508,41.139
37.526,41.043
37.544,41.456
37.562,40.783
37.58,40.543
37.598,41.16
37.616,34.089
37.634,35.96
37.652,28.094
37.67,12.061
37.688,0.0
37.706,0.0
37.724,0.0
37.742,0.0
37.76,0.0
37.778,0.0
37.796,0.0
37.814,0.0
37.832,0.0
37.85,0.0
37.868,0.0
37.886,0.0
37.904,0.0
37.922,0.0
37.94,0.0
37.958,0.0
37.976,0.0
37.994,0.0
38.012,0.0
38.03,0.0
38.048,0.0
38.066,0.0
38.084,0.0
38.102,0.0
38.12,0.0
38.138,0.0
38.156,0.0
38.174,0.0
38.192,0.0
38.21,0.0
38.228,0.0
38.246,0.0
38.264,0.0
38.282,0.0
38.3,0.0
38.318,0.0
38.336,0.0
38.354,0.0
38.372,0.0
38.39,0.0
38.408,0.0
38.426,0.0
38.444,0.0
38.462,0.0
38.48,0.0
38.498,0.0
38.516,0.0
38.534,0.0
38.552,0.0
38.57,0.0
38.588,0.0
38.606,0.0
38.624,0.0
38.642,0.0
38.66,0.0
38.678,0.0
38.696,0.0
38.714,0.0
38.732,0.0
38.75,0.0
38.768,0.0
38.786,0.0
38.804,0.0
38.822,0.0
38.84,0.0
38.858,0.0
38.876,0.0
38.894,0.0
38.912,0.0
38.93,0.0
38.948,0.0
38.966,0.0
38.984,0.0
39.002,0.0
39.02,0.0
39.038,0.0
39.056,0.0
39.074,0.0
39.092,0.0
39.11,0.0
39.128,0.0
39.146,0.0
39.164,0.0
39.182,0.0
39.2,0.0
39.218,0.0
39.236,0.0
39.254,0.0
39.272,0.0
39.29,0.0
39.308,0.0
39.326,0.0
39.344,0.0
39.362,0.0
39.38,0.0
39.398,0.0
39.416,0.0
39.434,0.0
39.452,0.0
39.47,0.0
39.488,0.0
39.506,0.0
39.524,0.0
39.542,0.0
39.56,0.0
39.578,0.0
39.596,0.0
39.614,0.0
39.632,0.0
39.65,0.0
39.668,0.0
39.686,0.0
39.704,0.0
39.722,0.0
39.74,0.0
39.758,0.0
39.776,0.0
39.794,0.0
39.812,0.0
39.83,0.0
39.848,0.0
39.866,0.0
39.884,0.0
39.902,0.0
39.92,0.0
39.938,0.0
39.956,0.0
39.974,0.0
39.992,0.0
40.01,0.0
40.028,0.0
40.046,0.0
40.064,0.0
40.082,0.0
40.1,0.0
40.118,0.0
40.136,0.0
40.154,0.0
40.172,0.0
40.19,0.0
40.208,0.0
40.226,0.0
40.244,0.0
40.262,0.0
40.28,0.0
40.298,0.0
40.316,0.0
40.334,0.0
40.352,0.0
40.37,0.0
40.388,0.0
40.406,0.0
40.424,0.0
40.442,0.0
40.46,0.0
40.478,0.0
40.496,0.0
40.514,0.0
40.532,0.0
40.55,0.0
40.568,0.0
40.586,0.0
40.604,0.0
40.622,0.0
40.64,0.0
40.658,0.0
40.676,0.0
40.694,0.0
40.712,0.0
40.73,0.0
40.748,0.0
40.766,0.0
40.784,0.0
40.802,0.0
40.82,0.0
40.838,0.0
40.856,0.0
40.874,0.0
40.892,0.0
40.91,0.0
40.928,0.0
40.946,0.0
40.964,0.0
40.982,0.0
41.0,0.0
41.018,0.0
41.036,0.0
41.054,0.0
41.072,0.0
41.09,0.0
41.108,0.0
41.126,0.0
41.144,0.0
41.162,0.0
41.18,0.0
41.198,0.0
41.216,0.0
41.234,0.0
41.252,0.0
41.27,0.0
41.288,0.0
41.306,0.0
41.324,0.0
41.342,0.0
41.36,0.0
41.378,0.0
41.396,0.0
41.414,0.0
41.432,0.0
41.45,0.0
41.468,0.0
41.486,0.0
41.504,0.0
41.522,0.0
41.54,0.0
41.558,0.0
41.576,0.0
41.594,0.0
41.612,0.0
41.63,0.0
41.648,0.0
41.666,0.0
41.684,0.0
41.702,0.0
41.72,0.0
41.738,0.0
41.756,0.0
41.774,0.0
41.792,0.0
41.81,0.0
41.828,0.0
41.846,0.0
41.864,0.0
41.882,0.0
41.9,0.0
41.918,0.0
41.936,0.0
41.954,0.0
41.972,0.0
41.99,0.0
42.008,0.0
42.026,0.0
42.044,0.0
42.062,0.0
42.08,0.0
42.098,0.0
42.116,0.0
42.134,0.0
42.152,0.0
42.17,0.0
42.188,0.0
42.206,0.0
42.224,0.0
42.242,0.0
42.26,0.0
42.278,0.0
42.296,0.0
42.314,0.0
42.332,0.0
42.35,0.0
42.368,0.0
42.386,0.0
42.404,0.0
42.422,0.0
42.44,0.0
42.458,0.0
42.476,0.0
42.494,0.0
42.512,0.0
42.53,0.0
42.548,0.0
42.566,0.0
42.584,0.0
42.602,0.0
42.62,0.0
42.638,0.0
42.656,0.0
42.674,0.0
42.692,0.0
42.71,0.0
42.728,0.0
42.746,0.0
42.764,0.0
42.782,0.0
42.8,0.0
42.818,0.0
42.836,0.0
42.854,0.0
42.872,0.0
42.89,0.0
42.908,0.0
42.926,0.0
42.944,0.0
42.962,0.0
42.98,0.0
42.998,0.0
43.016,0.0
43.034,0.0
43.052,0.0
43.07,0.0
43.088,0.0
43.106,0.0
43.124,0.0
43.142,0.0
43.16,0.0
43.178,0.0
43.196,0.0
43.214,0.0
43.232,0.0
43.25,0.0
43.268,0.0
43.286,0.0
43.304,0.0
43.322,0.0
43.34,0.0
43.358,0.0
43.376,0.0
43.394,0.0
43.412,0.0
43.43,0.0
43.448,0.0
43.466,0.0
43.484,0.0
43.502,0.0
43.52,0.0
43.538,0.0
43.556,0.0
43.574,0.0
43.592,0.0
43.61,0.0
43.628,0.0
43.646,0.0
43.664,0.0
43.682,0.0
43.7,0.0
43.718,0.0
43.736,0.0
43.754,0.0
43.772,0.0
43.79,0.0
43.808,0.0
43.826,0.0
43.844,0.0
43.862,0.0
43.88,0.0
43.898,0.0
43.916,0.0
43.934,0.0
43.952,0.0
43.97,0.0
43.988,0.0
44.006,0.0
44.024,0.0
44.042,0.0
44.06,0.0
44.078,0.0
44.096,0.0
44.114,0.0
44.132,0.0
44.15,0.0
44.168,0.0
44.186,0.0
44.204,0.0
44.222,0.0
44.24,0.0
44.258,0.0
44.276,0.0
44.294,0.0
44.312,0.0
44.33,0.0
44.348,0.0
44.366,0.0
44.384,0.0
44.402,0.0
44.42,0.0
44.438,0.0
44.456,0.0
44.474,0.0
44.492,0.0
44.51,0.0
44.528,0.0
44.546,0.0
44.564,0.0
44.582,0.0
44.6,0.0
44.618,0.0
44.636,0.0
44.654,0.0
44.672,0.0
44.69,0.0
44.708,0.0
44.726,0.0
44.744,0.0
44.762,0.0
44.78,0.0
44.798,0.0
44.816,0.0
44.834,0.0
44.852,0.0
44.87,0.0
44.888,0.0
44.906,0.0
44.924,0.0
44.942,0.0
44.96,0.0
44.978,0.0
44.996,0.0
45.014,0.0
45.032,0.0
45.05,0.0
45.068,0.0
45.086,0.0
45.104,0.0
45.122,0.0
45.14,0.0
45.158,0.0
45.176,0.0
45.194,0.0
45.212,0.0
45.23,0.0
45.248,0.0
45.266,0.0
45.284,0.0
45.302,0.0
45.32,0.0
45.338,0.0
45.356,0.0
45.374,0.0
45.392,0.0
45.41,0.0
45.428,0.0
45.446,0.0
45.464,0.0
45.482,0.0
45.5,0.0
45.518,0.0
45.536,0.0
45.554,0.0
45.572,0.0
45.59,0.0
45.608,0.0
45.626,0.0
45.644,0.0
45.662,0.0
45.68,0.0
45.698,0.0
45.716,0.0
45.734,0.0
45.752,0.0
45.77,0.0
45.788,0.0
45.806,0.0
45.824,0.0
45.842,0.0
45.86,0.0
45.878,0.0
45.896,0.0
45.914,0.0
45.932,0.0
45.95,0.0
45.968,0.0
45.986,0.0
46.004,0.0
46.022,0.0
46.04,0.0
46.058,0.0
46.076,0.0
46.094,0.0
46.112,0.0
46.13,0.0
46.148,0.0
46.166,0.0
46.184,0.0
46.202,0.0
46.22,0.0
46.238,0.0
46.256,0.0
46.274,0.0
46.292,0.0
46.31,0.0
46.328,0.0
46.346,0.0
46.364,0.0
46.382,0.0
46.4,0.0
46.418,0.0
46.436,0.0
46.454,0.0
46.472,0.0
46.49,0.0
46.508,0.0
46.526,0.0
46.544,0.0
46.562,0.0
46.58,0.0
46.598,0.0
46.616,0.0
46.634,0.0
46.652,0.0
46.67,0.0
46.688,0.0
46.706,0.0
46.724,0.0
46.742,0.0
46.76,0.0
46.778,0.0
46.796,0.0
46.814,0.0
46.832,0.0
46.85,0.0
46.868,0.0
46.886,0.0
46.904,0.0
46.922,0.0
46.94,0.0
46.958,0.0
46.976,0.0
46.994,0.0
47.012,0.0
47.03,0.0
47.048,0.0
47.066,0.0
47.084,0.0
47.102,0.0
47.12,0.0
47.138,0.0
47.156,0.0
47.174,0.0
47.192,0.0
47.21,0.0
47.228,0.0
47.246,0.0
47.264,0.0
47.282,0.0
47.3,0.0
47.318,0.0
47.336,0.0
47.354,0.0
47.372,0.0
47.39,0.0
47.408,0.0
47.426,0.0
47.444,0.0
47.462,0.0
47.48,0.0
47.498,0.0
47.516,0.0
47.534,0.0
47.552,0.0
47.57,0.0
47.588,0.0
47.606,0.0
47.624,0.0
47.642,0.0
47.66,0.0
47.678,0.0
47.696,0.0
47.714,0.0
47.732,0.0
47.75,0.0
47.768,0.0
47.786,0.0
47.804,0.0
47.822,0.0
47.84,0.0
47.858,0.0
47.876,0.0
47.894,0.0
47.912,0.0
47.93,0.0
47.948,0.0
47.966,0.0
47.984,0.0
48.002,0.0
48.02,0.0
48.038,0.0
48.056,0.0
48.074,0.0
48.092,0.0
48.11,0.0
48.128,0.0
48.146,0.0
48.164,0.0
48.182,0.0
48.2,0.0
48.218,0.0
48.236,0.0
48.254,0.0
48.272,0.0
48.29,0.0
48.308,0.0
48.326,0.0
48.344,0.0
48.362,0.0
48.38,0.0
48.398,0.0
48.416,0.0
48.434,0.0
48.452,0.0
48.47,0.0
48.488,0.0
48.506,0.0
48.524,0.0
48.542,0.0
48.56,0.0
48.578,0.0
48.596,0.0
48.614,0.0
48.632,0.0
48.65,0.0
48.668,0.0
48.686,0.0
48.704,0.0
48.722,0.0
48.74,0.0
48.758,0.0
48.776,0.0
48.794,0.0
48.812,0.0
48.83,0.0
48.848,0.0
48.866,0.0
48.884,0.0
48.902,0.0
48.92,0.0
48.938,0.0
48.956,0.0
48.974,0.0
48.992,0.0
49.01,0.0
49.028,0.0
49.046,0.0
49.064,0.0
49.082,0.0
49.1,0.0
49.118,0.0
49.136,0.0
49.154,0.0
49.172,0.0
49.19,0.0
49.208,0.0
49.226,0.0
49.244,0.0
49.262,0.0
49.28,0.0
49.298,0.0
49.316,0.0
49.334,0.0
49.352,0.0
49.37,0.0
49.388,0.0
49.406,0.0
49.424,0.0
49.442,0.0
49.46,0.0
49.478,0.0
49.496,0.0
49.514,0.0
49.532,0.0
49.55,0.0
49.568,0.0
49.586,0.0
49.604,0.0
49.622,0.0
49.64,0.0
49.658,0.0
49.676,0.0
49.694,0.0
49.712,0.0
49.73,0.0
49.748,0.0
49.766,0.0
49.784,0.0
49.802,0.0
49.82,0.0
49.838,0.0
49.856,0.0
49.874,0.0
49.892,0.0
49.91,0.0
49.928,0.0
49.946,0.0
49.964,0.0
49.982,0.0
